<?xml version="1.0" encoding="utf-8"?>
<Config Version="4">
   <Robot Name="PSM1" NumOfActuator="7" NumOfJoint="7" SN="29463">
      <Actuator ActuatorID="0" AxisID="0" BoardID="6" Type="Revolute">
         <Drive>
            <AmpsToBits Offset="32768" Scale="-5242.88"/>
            <BitsToFeedbackAmps Offset="6.25" Scale="-0.000190738"/>
            <NmToAmps Scale="0.404089"/>
            <MaxCurrent Unit="A" Value="1.340"/>
         </Drive>
         <Encoder>
            <BitsToPosSI Scale="-0.00044248" Unit="deg"/>
         </Encoder>
         <AnalogIn>
            <BitsToVolts Offset="0" Scale="6.86646e-05"/>
            <VoltsToPosSI Offset="98.858138" Scale="-44.504338" Unit="deg"/>
         </AnalogIn>
      </Actuator>
      <Actuator ActuatorID="1" AxisID="1" BoardID="6" Type="Revolute">
         <Drive>
            <AmpsToBits Offset="32768" Scale="-5242.88"/>
            <BitsToFeedbackAmps Offset="6.25" Scale="-0.000190738"/>
            <NmToAmps Scale="0.404089"/>
            <MaxCurrent Unit="A" Value="1.340"/>
         </Drive>
         <Encoder>
            <BitsToPosSI Scale="-0.00044248" Unit="deg"/>
         </Encoder>
         <AnalogIn>
            <BitsToVolts Offset="0" Scale="6.86646e-05"/>
            <VoltsToPosSI Offset="65.483346" Scale="-29.280158" Unit="deg"/>
         </AnalogIn>
      </Actuator>
      <Actuator ActuatorID="2" AxisID="2" BoardID="6" Type="Prismatic">
         <Drive>
            <AmpsToBits Offset="32768" Scale="5242.88"/>
            <BitsToFeedbackAmps Offset="-6.25" Scale="0.000190738"/>
            <NmToAmps Scale="0.067828"/>
            <MaxCurrent Unit="A" Value="0.670"/>
         </Drive>
         <Encoder>
            <BitsToPosSI Scale="0.00129629" Unit="mm"/>
         </Encoder>
         <AnalogIn>
            <BitsToVolts Offset="0" Scale="6.86646e-05"/>
            <VoltsToPosSI Offset="-10.843005" Scale="59.573160" Unit="mm"/>
         </AnalogIn>
      </Actuator>
      <Actuator ActuatorID="3" AxisID="3" BoardID="6" Type="Revolute">
         <Drive>
            <AmpsToBits Offset="32768" Scale="-5242.88"/>
            <BitsToFeedbackAmps Offset="6.25" Scale="-0.000190738"/>
            <NmToAmps Scale="1.949705"/>
            <MaxCurrent Unit="A" Value="0.670"/>
         </Drive>
         <Encoder>
            <BitsToPosSI Scale="-0.00768574" Unit="deg"/>
         </Encoder>
         <AnalogIn>
            <BitsToVolts Offset="0" Scale="6.86646e-05"/>
            <VoltsToPosSI Offset="180.716618" Scale="-79.521205" Unit="deg"/>
         </AnalogIn>
      </Actuator>
      <Actuator ActuatorID="4" AxisID="0" BoardID="7" Type="Revolute">
         <Drive>
            <AmpsToBits Offset="32768" Scale="-5242.88"/>
            <BitsToFeedbackAmps Offset="6.25" Scale="-0.000190738"/>
            <NmToAmps Scale="1.949705"/>
            <MaxCurrent Unit="A" Value="0.670"/>
         </Drive>
         <Encoder>
            <BitsToPosSI Scale="-0.00768574" Unit="deg"/>
         </Encoder>
         <AnalogIn>
            <BitsToVolts Offset="0" Scale="6.86646e-05"/>
            <VoltsToPosSI Offset="176.952285" Scale="-78.514673" Unit="deg"/>
         </AnalogIn>
      </Actuator>
      <Actuator ActuatorID="5" AxisID="1" BoardID="7" Type="Revolute">
         <Drive>
            <AmpsToBits Offset="32768" Scale="5242.88"/>
            <BitsToFeedbackAmps Offset="-6.25" Scale="0.000190738"/>
            <NmToAmps Scale="1.949705"/>
            <MaxCurrent Unit="A" Value="0.670"/>
         </Drive>
         <Encoder>
            <BitsToPosSI Scale="0.00768574" Unit="deg"/>
         </Encoder>
         <AnalogIn>
            <BitsToVolts Offset="0" Scale="6.86646e-05"/>
            <VoltsToPosSI Offset="176.373598" Scale="-78.379078" Unit="deg"/>
         </AnalogIn>
      </Actuator>
      <Actuator ActuatorID="6" AxisID="2" BoardID="7" Type="Revolute">
         <Drive>
            <AmpsToBits Offset="32768" Scale="5242.88"/>
            <BitsToFeedbackAmps Offset="-6.25" Scale="0.000190738"/>
            <NmToAmps Scale="1.949705"/>
            <MaxCurrent Unit="A" Value="0.670"/>
         </Drive>
         <Encoder>
            <BitsToPosSI Scale="0.00768574" Unit="deg"/>
         </Encoder>
         <AnalogIn>
            <BitsToVolts Offset="0" Scale="6.86646e-05"/>
            <VoltsToPosSI Offset="176.831964" Scale="-78.968394" Unit="deg"/>
         </AnalogIn>
      </Actuator>
      <Potentiometers Position="Actuators">
         <Tolerance Axis="0" Distance="5.00" Latency="0.01" Unit="deg"/>
         <Tolerance Axis="1" Distance="5.00" Latency="0.01" Unit="deg"/>
         <Tolerance Axis="2" Distance="5.00" Latency="0.01" Unit="mm"/>
         <Tolerance Axis="3" Distance="5.00" Latency="0.01" Unit="deg"/>
         <Tolerance Axis="4" Distance="5.00" Latency="0.01" Unit="deg"/>
         <Tolerance Axis="5" Distance="5.00" Latency="0.01" Unit="deg"/>
         <Tolerance Axis="6" Distance="5.00" Latency="0.01" Unit="deg"/>
      </Potentiometers>
   </Robot>
   <DigitalIn BitID="0" BoardID="6" Debounce="0.2" Name="PSM1-SUJClutch" Pressed="1"
              Trigger="all"/>
   <DigitalIn BitID="2" BoardID="6" Debounce="0.2" Name="PSM1-ManipClutch" Pressed="1"
              Trigger="all"/>
   <DigitalIn BitID="7" BoardID="7" Debounce="1.5" Name="PSM1-Tool" Pressed="1" Trigger="all"/>
   <DigitalIn BitID="10" BoardID="7" Debounce="1.5" Name="PSM1-Adapter" Pressed="1"
              Trigger="all"/>
   <DallasChip BoardID="7" Name="PSM1-Dallas"/>
</Config>