<?xml version="1.0" encoding="utf-8"?>
<Config Version="4">
   <Robot Name="MTMR" NumOfActuator="7" NumOfJoint="7" SN="57961">
      <Actuator ActuatorID="0" AxisID="0" BoardID="2" Type="Revolute">
         <Drive>
            <AmpsToBits Offset="32858" Scale="-5242.88"/>
            <BitsToFeedbackAmps Offset="6.262517" Scale="-0.000190738"/>
            <NmToAmps Scale="0.360054"/>
            <MaxCurrent Unit="A" Value="0.670"/>
         </Drive>
         <Encoder>
            <BitsToPosSI Scale="-0.00141933" Unit="deg"/>
         </Encoder>
         <AnalogIn>
            <BitsToVolts Offset="0" Scale="6.86646e-05"/>
            <VoltsToPosSI Offset="-186.469114" Scale="76.219990" Unit="deg"/>
         </AnalogIn>
      </Actuator>
      <Actuator ActuatorID="1" AxisID="1" BoardID="2" Type="Revolute">
         <Drive>
            <AmpsToBits Offset="32946" Scale="5242.88"/>
            <BitsToFeedbackAmps Offset="-6.258674" Scale="0.000190738"/>
            <NmToAmps Scale="0.457720"/>
            <MaxCurrent Unit="A" Value="0.670"/>
         </Drive>
         <Encoder>
            <BitsToPosSI Scale="0.00180433" Unit="deg"/>
         </Encoder>
         <AnalogIn>
            <BitsToVolts Offset="0" Scale="6.86646e-05"/>
            <VoltsToPosSI Offset="-145.760463" Scale="75.870572" Unit="deg"/>
         </AnalogIn>
      </Actuator>
      <Actuator ActuatorID="2" AxisID="2" BoardID="2" Type="Revolute">
         <Drive>
            <AmpsToBits Offset="32750" Scale="5242.88"/>
            <BitsToFeedbackAmps Offset="-6.221687" Scale="0.000190738"/>
            <NmToAmps Scale="0.382238"/>
            <MaxCurrent Unit="A" Value="0.670"/>
         </Drive>
         <Encoder>
            <BitsToPosSI Scale="0.00150678" Unit="deg"/>
         </Encoder>
         <AnalogIn>
            <BitsToVolts Offset="0" Scale="6.86646e-05"/>
            <VoltsToPosSI Offset="-166.570290" Scale="76.543332" Unit="deg"/>
         </AnalogIn>
      </Actuator>
      <Actuator ActuatorID="3" AxisID="3" BoardID="2" Type="Revolute">
         <Drive>
            <AmpsToBits Offset="32858" Scale="5242.88"/>
            <BitsToFeedbackAmps Offset="-6.250368" Scale="0.000190738"/>
            <NmToAmps Scale="2.168191"/>
            <MaxCurrent Unit="A" Value="0.670"/>
         </Drive>
         <Encoder>
            <BitsToPosSI Scale="0.00854701" Unit="deg"/>
         </Encoder>
         <AnalogIn>
            <BitsToVolts Offset="0" Scale="6.86646e-05"/>
            <VoltsToPosSI Offset="229.761805" Scale="-76.778015" Unit="deg"/>
         </AnalogIn>
      </Actuator>
      <Actuator ActuatorID="4" AxisID="0" BoardID="3" Type="Revolute">
         <Drive>
            <AmpsToBits Offset="32707" Scale="5242.88"/>
            <BitsToFeedbackAmps Offset="-6.226857" Scale="0.000190738"/>
            <NmToAmps Scale="6.092286"/>
            <MaxCurrent Unit="A" Value="0.590"/>
         </Drive>
         <Encoder>
            <BitsToPosSI Scale="0.16963209" Unit="deg"/>
         </Encoder>
         <AnalogIn>
            <BitsToVolts Offset="0" Scale="6.86646e-05"/>
            <VoltsToPosSI Offset="-134.507572" Scale="78.884951" Unit="deg"/>
         </AnalogIn>
      </Actuator>
      <Actuator ActuatorID="5" AxisID="1" BoardID="3" Type="Revolute">
         <Drive>
            <AmpsToBits Offset="32991" Scale="5242.88"/>
            <BitsToFeedbackAmps Offset="-6.286051" Scale="0.000190738"/>
            <NmToAmps Scale="6.092286"/>
            <MaxCurrent Unit="A" Value="0.590"/>
         </Drive>
         <Encoder>
            <BitsToPosSI Scale="0.16963209" Unit="deg"/>
         </Encoder>
         <AnalogIn>
            <BitsToVolts Offset="0" Scale="6.86646e-05"/>
            <VoltsToPosSI Offset="-161.809011" Scale="74.446825" Unit="deg"/>
         </AnalogIn>
      </Actuator>
      <Actuator ActuatorID="6" AxisID="2" BoardID="3" Type="Revolute">
         <Drive>
            <AmpsToBits Offset="32944" Scale="-5242.88"/>
            <BitsToFeedbackAmps Offset="6.267770" Scale="-0.000190738"/>
            <NmToAmps Scale="17.791632"/>
            <MaxCurrent Unit="A" Value="0.407"/>
         </Drive>
         <Encoder>
            <BitsToPosSI Scale="-0.33926417" Unit="deg"/>
         </Encoder>
         <AnalogIn>
            <BitsToVolts Offset="0" Scale="6.86646e-05"/>
            <VoltsToPosSI Offset="83.434114" Scale="39.921230" Unit="deg"/>
         </AnalogIn>
      </Actuator>
      <Potentiometers Position="Joints">
         <Tolerance Axis="0" Distance="5.00" Latency="0.01" Unit="deg"/>
         <Tolerance Axis="1" Distance="5.00" Latency="0.01" Unit="deg"/>
         <Tolerance Axis="2" Distance="5.00" Latency="0.01" Unit="deg"/>
         <Tolerance Axis="3" Distance="5.00" Latency="0.01" Unit="deg"/>
         <Tolerance Axis="4" Distance="5.00" Latency="0.01" Unit="deg"/>
         <Tolerance Axis="5" Distance="5.00" Latency="0.01" Unit="deg"/>
         <Tolerance Axis="6" Distance="0.00" Latency="0.00" Unit="deg"/>
      </Potentiometers>
      <Coupling Value="1">
         <ActuatorToJointPosition>
            <Row Val="1.0000 0.0000 0.0000 0.0000 0.0000 0.0000 0.0000"/>
            <Row Val="0.0000 1.0000 0.0000 0.0000 0.0000 0.0000 0.0000"/>
            <Row Val="0.0000 -1.0000 1.0000 0.0000 0.0000 0.0000 0.0000"/>
            <Row Val="0.0000 0.6697 -0.6697 1.0000 0.0000 0.0000 0.0000"/>
            <Row Val="0.0000 0.0000 0.0000 0.0000 1.0000 0.0000 0.0000"/>
            <Row Val="0.0000 0.0000 0.0000 0.0000 0.0000 1.0000 0.0000"/>
            <Row Val="0.0000 0.0000 0.0000 0.0000 0.0000 0.0000 1.0000"/>
         </ActuatorToJointPosition>
      </Coupling>
   </Robot>
</Config>
