<?xml version="1.0" encoding="utf-8"?>
<Config Version="4">
   <Robot Name="MTML" NumOfActuator="7" NumOfJoint="7" SN="55226">
      <Actuator ActuatorID="0" AxisID="0" BoardID="0" Type="Revolute">
         <Drive>
            <AmpsToBits Offset="32768" Scale="-5242.88"/>
            <BitsToFeedbackAmps Offset="6.25" Scale="-0.000190738"/>
            <NmToAmps Scale="0.360054"/>
            <MaxCurrent Unit="A" Value="0.670"/>
         </Drive>
         <Encoder>
            <BitsToPosSI Scale="-0.00141933" Unit="deg"/>
         </Encoder>
         <AnalogIn>
            <BitsToVolts Offset="0" Scale="6.86646e-05"/>
            <VoltsToPosSI Offset="-154.732982" Scale="75.802775" Unit="deg"/>
         </AnalogIn>
      </Actuator>
      <Actuator ActuatorID="1" AxisID="1" BoardID="0" Type="Revolute">
         <Drive>
            <AmpsToBits Offset="32768" Scale="5242.88"/>
            <BitsToFeedbackAmps Offset="-6.25" Scale="0.000190738"/>
            <NmToAmps Scale="0.457720"/>
            <MaxCurrent Unit="A" Value="0.670"/>
         </Drive>
         <Encoder>
            <BitsToPosSI Scale="0.00180433" Unit="deg"/>
         </Encoder>
         <AnalogIn>
            <BitsToVolts Offset="0" Scale="6.86646e-05"/>
            <VoltsToPosSI Offset="-142.580547" Scale="75.015281" Unit="deg"/>
         </AnalogIn>
      </Actuator>
      <Actuator ActuatorID="2" AxisID="2" BoardID="0" Type="Revolute">
         <Drive>
            <AmpsToBits Offset="32768" Scale="5242.88"/>
            <BitsToFeedbackAmps Offset="-6.25" Scale="0.000190738"/>
            <NmToAmps Scale="0.382238"/>
            <MaxCurrent Unit="A" Value="0.670"/>
         </Drive>
         <Encoder>
            <BitsToPosSI Scale="0.00150678" Unit="deg"/>
         </Encoder>
         <AnalogIn>
            <BitsToVolts Offset="0" Scale="6.86646e-05"/>
            <VoltsToPosSI Offset="-162.021005" Scale="74.942268" Unit="deg"/>
         </AnalogIn>
      </Actuator>
      <Actuator ActuatorID="3" AxisID="3" BoardID="0" Type="Revolute">
         <Drive>
            <AmpsToBits Offset="32768" Scale="5242.88"/>
            <BitsToFeedbackAmps Offset="-6.25" Scale="0.000190738"/>
            <NmToAmps Scale="2.168191"/>
            <MaxCurrent Unit="A" Value="0.670"/>
         </Drive>
         <Encoder>
            <BitsToPosSI Scale="0.00854701" Unit="deg"/>
         </Encoder>
         <AnalogIn>
            <BitsToVolts Offset="0" Scale="6.86646e-05"/>
            <VoltsToPosSI Offset="115.244731" Scale="-75.901863" Unit="deg"/>
         </AnalogIn>
      </Actuator>
      <Actuator ActuatorID="4" AxisID="0" BoardID="1" Type="Revolute">
         <Drive>
            <AmpsToBits Offset="32768" Scale="-5242.88"/>
            <BitsToFeedbackAmps Offset="6.25" Scale="-0.000190738"/>
            <NmToAmps Scale="6.092286"/>
            <MaxCurrent Unit="A" Value="0.590"/>
         </Drive>
         <Encoder>
            <BitsToPosSI Scale="-0.16963209" Unit="deg"/>
         </Encoder>
         <AnalogIn>
            <BitsToVolts Offset="0" Scale="6.86646e-05"/>
            <VoltsToPosSI Offset="222.233140" Scale="-79.046622" Unit="deg"/>
         </AnalogIn>
      </Actuator>
      <Actuator ActuatorID="5" AxisID="1" BoardID="1" Type="Revolute">
         <Drive>
            <AmpsToBits Offset="32768" Scale="5242.88"/>
            <BitsToFeedbackAmps Offset="-6.25" Scale="0.000190738"/>
            <NmToAmps Scale="6.092286"/>
            <MaxCurrent Unit="A" Value="0.590"/>
         </Drive>
         <Encoder>
            <BitsToPosSI Scale="0.16963209" Unit="deg"/>
         </Encoder>
         <AnalogIn>
            <BitsToVolts Offset="0" Scale="6.86646e-05"/>
            <VoltsToPosSI Offset="-175.456866" Scale="77.356901" Unit="deg"/>
         </AnalogIn>
      </Actuator>
      <Actuator ActuatorID="6" AxisID="2" BoardID="1" Type="Revolute">
         <Drive>
            <AmpsToBits Offset="32768" Scale="-5242.88"/>
            <BitsToFeedbackAmps Offset="6.25" Scale="-0.000190738"/>
            <NmToAmps Scale="17.791632"/>
            <MaxCurrent Unit="A" Value="0.407"/>
         </Drive>
         <Encoder>
            <BitsToPosSI Scale="-0.33926417" Unit="deg"/>
         </Encoder>
         <AnalogIn>
            <BitsToVolts Offset="0" Scale="6.86646e-05"/>
            <VoltsToPosSI Offset="70.617048" Scale="40.385382" Unit="deg"/>
         </AnalogIn>
      </Actuator>
      <Potentiometers Position="Joints">
         <Tolerance Axis="0" Distance="5.00" Latency="0.01" Unit="deg"/>
         <Tolerance Axis="1" Distance="5.00" Latency="0.01" Unit="deg"/>
         <Tolerance Axis="2" Distance="5.00" Latency="0.01" Unit="deg"/>
         <Tolerance Axis="3" Distance="5.00" Latency="0.01" Unit="deg"/>
         <Tolerance Axis="4" Distance="5.00" Latency="0.01" Unit="deg"/>
         <Tolerance Axis="5" Distance="5.00" Latency="0.01" Unit="deg"/>
         <Tolerance Axis="6" Distance="0.00" Latency="0.00" Unit="deg"/>
      </Potentiometers>
      <Coupling Value="1">
         <ActuatorToJointPosition>
            <Row Val="1.0000 0.0000 0.0000 0.0000 0.0000 0.0000 0.0000"/>
            <Row Val="0.0000 1.0000 0.0000 0.0000 0.0000 0.0000 0.0000"/>
            <Row Val="0.0000 -1.0000 1.0000 0.0000 0.0000 0.0000 0.0000"/>
            <Row Val="0.0000 0.6697 -0.6697 1.0000 0.0000 0.0000 0.0000"/>
            <Row Val="0.0000 0.0000 0.0000 0.0000 1.0000 0.0000 0.0000"/>
            <Row Val="0.0000 0.0000 0.0000 0.0000 0.0000 1.0000 0.0000"/>
            <Row Val="0.0000 0.0000 0.0000 0.0000 0.0000 0.0000 1.0000"/>
         </ActuatorToJointPosition>
      </Coupling>
   </Robot>
</Config>