<?xml version='1.0' encoding='us-ascii'?>
<Config Version="5">
  <Robot Name="PSM1" HardwareVersion="QLA1" NumOfActuator="7" NumOfJoint="7" SN="29463">
    <Actuator ActuatorID="0" AxisID="0" BoardID="6" Type="Revolute">
      <Drive>
        <AmpsToBits Offset="32768" Scale="-5242.8800" />
        <BitsToFeedbackAmps Offset="6.2500" Scale="-0.000190735" />
        <NmToAmps Scale="0.4040893846" />
        <MaxCurrent Unit="A" Value="1.340" />
      </Drive>
      <Encoder VelocitySource="FIRMWARE">
        <BitsToPosSI Scale="-0.000442477876106" Unit="deg" />
        <PositionLimitsSoft Lower="-91.0" Upper="91.0" Unit="deg" />
      </Encoder>
      <AnalogIn>
        <BitsToVolts Offset="0" Scale="6.866455078125e-05" />
        <VoltsToPosSI Offset="98.85813797" Scale="-44.50433835" Unit="deg" />
      </AnalogIn>
    </Actuator>
    <Actuator ActuatorID="1" AxisID="1" BoardID="6" Type="Revolute">
      <Drive>
        <AmpsToBits Offset="32768" Scale="-5242.8800" />
        <BitsToFeedbackAmps Offset="6.2500" Scale="-0.000190735" />
        <NmToAmps Scale="0.4040893846" />
        <MaxCurrent Unit="A" Value="1.340" />
      </Drive>
      <Encoder VelocitySource="FIRMWARE">
        <BitsToPosSI Scale="-0.000442477876106" Unit="deg" />
        <PositionLimitsSoft Lower="-53.0" Upper="53.0" Unit="deg" />
      </Encoder>
      <AnalogIn>
        <BitsToVolts Offset="0" Scale="6.866455078125e-05" />
        <VoltsToPosSI Offset="65.48334641" Scale="-29.28015811" Unit="deg" />
      </AnalogIn>
    </Actuator>
    <Actuator ActuatorID="2" AxisID="2" BoardID="6" Type="Prismatic">
      <Drive>
        <AmpsToBits Offset="32768" Scale="5242.8800" />
        <BitsToFeedbackAmps Offset="-6.2500" Scale=" 0.000190735" />
        <NmToAmps Scale="0.0678284321" />
        <MaxCurrent Unit="A" Value="0.670" />
      </Drive>
      <Encoder VelocitySource="FIRMWARE">
        <BitsToPosSI Scale="0.001296293820559" Unit="mm" />
        <PositionLimitsSoft Lower="0.0" Upper="240.0" Unit="mm" />
      </Encoder>
      <AnalogIn>
        <BitsToVolts Offset="0" Scale="6.866455078125e-05" />
        <VoltsToPosSI Offset="-10.84300465" Scale="59.57315975" Unit="mm" />
      </AnalogIn>
    </Actuator>
    <Actuator ActuatorID="3" AxisID="3" BoardID="6" Type="Revolute">
      <Drive>
        <AmpsToBits Offset="32768" Scale="-5242.8800" />
        <BitsToFeedbackAmps Offset="6.2500" Scale="-0.000190735" />
        <NmToAmps Scale="1.9497053995" />
        <MaxCurrent Unit="A" Value="0.670" />
      </Drive>
      <Encoder VelocitySource="FIRMWARE">
        <BitsToPosSI Scale="-0.007685738684885" Unit="deg" />
        <PositionLimitsSoft Lower="-174.0" Upper="174.0" Unit="deg" />
      </Encoder>
      <AnalogIn>
        <BitsToVolts Offset="0" Scale="6.866455078125e-05" />
        <VoltsToPosSI Offset="180.71661816" Scale="-79.52120454" Unit="deg" />
      </AnalogIn>
    </Actuator>
    <Actuator ActuatorID="4" AxisID="0" BoardID="7" Type="Revolute">
      <Drive>
        <AmpsToBits Offset="32768" Scale="-5242.8800" />
        <BitsToFeedbackAmps Offset="6.2500" Scale="-0.000190735" />
        <NmToAmps Scale="1.9497053995" />
        <MaxCurrent Unit="A" Value="0.670" />
      </Drive>
      <Encoder VelocitySource="FIRMWARE">
        <BitsToPosSI Scale="-0.007685738684885" Unit="deg" />
        <PositionLimitsSoft Lower="-174.0" Upper="174.0" Unit="deg" />
      </Encoder>
      <AnalogIn>
        <BitsToVolts Offset="0" Scale="6.866455078125e-05" />
        <VoltsToPosSI Offset="176.95228545" Scale="-78.51467303" Unit="deg" />
      </AnalogIn>
    </Actuator>
    <Actuator ActuatorID="5" AxisID="1" BoardID="7" Type="Revolute">
      <Drive>
        <AmpsToBits Offset="32768" Scale="5242.8800" />
        <BitsToFeedbackAmps Offset="-6.2500" Scale=" 0.000190735" />
        <NmToAmps Scale="1.9497053995" />
        <MaxCurrent Unit="A" Value="0.670" />
      </Drive>
      <Encoder VelocitySource="FIRMWARE">
        <BitsToPosSI Scale="0.007685738684885" Unit="deg" />
        <PositionLimitsSoft Lower="-174.0" Upper="174.0" Unit="deg" />
      </Encoder>
      <AnalogIn>
        <BitsToVolts Offset="0" Scale="6.866455078125e-05" />
        <VoltsToPosSI Offset="176.37359808" Scale="-78.37907811" Unit="deg" />
      </AnalogIn>
    </Actuator>
    <Actuator ActuatorID="6" AxisID="2" BoardID="7" Type="Revolute">
      <Drive>
        <AmpsToBits Offset="32768" Scale="5242.8800" />
        <BitsToFeedbackAmps Offset="-6.2500" Scale=" 0.000190735" />
        <NmToAmps Scale="1.9497053995" />
        <MaxCurrent Unit="A" Value="0.670" />
      </Drive>
      <Encoder VelocitySource="FIRMWARE">
        <BitsToPosSI Scale="0.007685738684885" Unit="deg" />
        <PositionLimitsSoft Lower="-174.0" Upper="174.0" Unit="deg" />
      </Encoder>
      <AnalogIn>
        <BitsToVolts Offset="0" Scale="6.866455078125e-05" />
        <VoltsToPosSI Offset="176.83196431" Scale="-78.96839449" Unit="deg" />
      </AnalogIn>
    </Actuator>
    <Potentiometers>
      <Tolerance Axis="0" Distance="5.0" Latency="0.01" Unit="deg" />
      <Tolerance Axis="1" Distance="5.0" Latency="0.01" Unit="deg" />
      <Tolerance Axis="2" Distance="5.0" Latency="0.01" Unit="mm" />
      <Tolerance Axis="3" Distance="5.0" Latency="0.01" Unit="deg" />
      <Tolerance Axis="4" Distance="5.0" Latency="0.01" Unit="deg" />
      <Tolerance Axis="5" Distance="5.0" Latency="0.01" Unit="deg" />
      <Tolerance Axis="6" Distance="5.0" Latency="0.01" Unit="deg" />
    </Potentiometers>
  </Robot>
  <DallasChip BoardID="7" Name="PSM1-Dallas" />
  <DigitalIn BitID="0" BoardID="6" Debounce="0.2" Name="PSM1-SUJClutch" Pressed="1" Trigger="all" />
  <DigitalIn BitID="2" BoardID="6" Debounce="0.2" Name="PSM1-ManipClutch" Pressed="1" Trigger="all" />
  <DigitalIn BitID="7" BoardID="7" Debounce="0.2" Name="PSM1-Tool" Pressed="1" Trigger="all" />
  <DigitalIn BitID="10" BoardID="7" Debounce="0.2" Name="PSM1-Adapter" Pressed="1" Trigger="all" />
</Config>