<?xml version='1.0' encoding='us-ascii'?>
<Config Version="5">
  <Robot Name="MTMR-Gripper" HardwareVersion="QLA1" NumOfActuator="1" NumOfJoint="1" SN="57961" Type="io-only">
    <Actuator ActuatorID="0" AxisID="3" BoardID="3" Type="Revolute">
      <Drive>
        <AmpsToBits Offset="32768" Scale="-5242.8800" />
        <BitsToFeedbackAmps Offset="6.2500" Scale="-0.000190735" />
        <NmToAmps Scale="0.3600544114" />
        <MaxCurrent Unit="A" Value="0.000" />
      </Drive>
      <Encoder VelocitySource="SOFTWARE">
        <BitsToPosSI Scale="360.000000000000000" Unit="deg" />
        <PositionLimitsSoft Lower="0.0" Upper="0.0" Unit="deg" />
      </Encoder>
      <AnalogIn>
        <BitsToVolts Offset="0" Scale="6.866455078125e-05" />
        <VoltsToPosSI Offset="300.00000000" Scale="-100.00000000" Unit="deg" />
      </AnalogIn>
    </Actuator>
  </Robot>
</Config>