<?xml version='1.0' encoding='us-ascii'?>
<Config Version="5">
  <Robot Name="MTMR" HardwareVersion="QLA1" NumOfActuator="7" NumOfJoint="7" SN="57961">
    <Actuator ActuatorID="0" AxisID="0" BoardID="2" Type="Revolute">
      <Drive>
        <AmpsToBits Offset="32768" Scale="-5242.8800" />
        <BitsToFeedbackAmps Offset="6.2500" Scale="-0.000190735" />
        <NmToAmps Scale="0.3600544114" />
        <MaxCurrent Unit="A" Value="0.670" />
      </Drive>
      <Encoder VelocitySource="FIRMWARE">
        <BitsToPosSI Scale="-0.001419334489828" Unit="deg" />
        <PositionLimitsSoft Lower="-65.0" Upper="40.0" Unit="deg" />
      </Encoder>
      <AnalogIn>
        <BitsToVolts Offset="0" Scale="6.866455078125e-05" />
        <VoltsToPosSI Offset="-186.46911443" Scale="76.21998980" Unit="deg" />
      </AnalogIn>
    </Actuator>
    <Actuator ActuatorID="1" AxisID="1" BoardID="2" Type="Revolute">
      <Drive>
        <AmpsToBits Offset="32768" Scale="5242.8800" />
        <BitsToFeedbackAmps Offset="-6.2500" Scale=" 0.000190735" />
        <NmToAmps Scale="0.4577195314" />
        <MaxCurrent Unit="A" Value="0.670" />
      </Drive>
      <Encoder VelocitySource="FIRMWARE">
        <BitsToPosSI Scale="0.001804330392943" Unit="deg" />
        <PositionLimitsSoft Lower="-18.0" Upper="65.0" Unit="deg" />
      </Encoder>
      <AnalogIn>
        <BitsToVolts Offset="0" Scale="6.866455078125e-05" />
        <VoltsToPosSI Offset="-145.76046308" Scale="75.87057212" Unit="deg" />
      </AnalogIn>
    </Actuator>
    <Actuator ActuatorID="2" AxisID="2" BoardID="2" Type="Revolute">
      <Drive>
        <AmpsToBits Offset="32768" Scale="5242.8800" />
        <BitsToFeedbackAmps Offset="-6.2500" Scale=" 0.000190735" />
        <NmToAmps Scale="0.3822375729" />
        <MaxCurrent Unit="A" Value="0.670" />
      </Drive>
      <Encoder VelocitySource="FIRMWARE">
        <BitsToPosSI Scale="0.001506780512305" Unit="deg" />
        <PositionLimitsSoft Lower="-15.0" Upper="42.0" Unit="deg" />
      </Encoder>
      <AnalogIn>
        <BitsToVolts Offset="0" Scale="6.866455078125e-05" />
        <VoltsToPosSI Offset="-166.57029020" Scale="76.54333152" Unit="deg" />
      </AnalogIn>
    </Actuator>
    <Actuator ActuatorID="3" AxisID="3" BoardID="2" Type="Revolute">
      <Drive>
        <AmpsToBits Offset="32768" Scale="5242.8800" />
        <BitsToFeedbackAmps Offset="-6.2500" Scale=" 0.000190735" />
        <NmToAmps Scale="2.1681909049" />
        <MaxCurrent Unit="A" Value="0.670" />
      </Drive>
      <Encoder VelocitySource="FIRMWARE">
        <BitsToPosSI Scale="0.008547008547009" Unit="deg" />
        <PositionLimitsSoft Lower="-120.0" Upper="240.0" Unit="deg" />
      </Encoder>
      <AnalogIn>
        <BitsToVolts Offset="0" Scale="6.866455078125e-05" />
        <VoltsToPosSI Offset="229.76180543" Scale="-76.77801504" Unit="deg" />
      </AnalogIn>
    </Actuator>
    <Actuator ActuatorID="4" AxisID="0" BoardID="3" Type="Revolute">
      <Drive>
        <AmpsToBits Offset="32768" Scale="5242.8800" />
        <BitsToFeedbackAmps Offset="-6.2500" Scale=" 0.000190735" />
        <NmToAmps Scale="6.0922859475" />
        <MaxCurrent Unit="A" Value="0.590" />
      </Drive>
      <Encoder VelocitySource="FIRMWARE">
        <BitsToPosSI Scale="0.169632086851629" Unit="deg" />
        <PositionLimitsSoft Lower="-95.0" Upper="185.0" Unit="deg" />
      </Encoder>
      <AnalogIn>
        <BitsToVolts Offset="0" Scale="6.866455078125e-05" />
        <VoltsToPosSI Offset="-134.50757198" Scale="78.88495146" Unit="deg" />
      </AnalogIn>
    </Actuator>
    <Actuator ActuatorID="5" AxisID="1" BoardID="3" Type="Revolute">
      <Drive>
        <AmpsToBits Offset="32768" Scale="5242.8800" />
        <BitsToFeedbackAmps Offset="-6.2500" Scale=" 0.000190735" />
        <NmToAmps Scale="6.0922859475" />
        <MaxCurrent Unit="A" Value="0.590" />
      </Drive>
      <Encoder VelocitySource="FIRMWARE">
        <BitsToPosSI Scale="0.169632086851629" Unit="deg" />
        <PositionLimitsSoft Lower="-45.0" Upper="45.0" Unit="deg" />
      </Encoder>
      <AnalogIn>
        <BitsToVolts Offset="0" Scale="6.866455078125e-05" />
        <VoltsToPosSI Offset="-161.80901092" Scale="74.44682548" Unit="deg" />
      </AnalogIn>
    </Actuator>
    <Actuator ActuatorID="6" AxisID="2" BoardID="3" Type="Revolute">
      <Drive>
        <AmpsToBits Offset="32768" Scale="-5242.8800" />
        <BitsToFeedbackAmps Offset="6.2500" Scale="-0.000190735" />
        <NmToAmps Scale="17.7916315282" />
        <MaxCurrent Unit="A" Value="0.407" />
      </Drive>
      <Encoder VelocitySource="FIRMWARE">
        <BitsToPosSI Scale="-0.339264173703257" Unit="deg" />
        <PositionLimitsSoft Lower="-475.0" Upper="445.0" Unit="deg" />
      </Encoder>
      <AnalogIn>
        <BitsToVolts Offset="0" Scale="6.866455078125e-05" />
        <VoltsToPosSI Offset="83.43411413" Scale="39.92123010" Unit="deg" />
      </AnalogIn>
    </Actuator>
    <Potentiometers>
      <Tolerance Axis="0" Distance="5.0" Latency="0.01" Unit="deg" />
      <Tolerance Axis="1" Distance="5.0" Latency="0.01" Unit="deg" />
      <Tolerance Axis="2" Distance="5.0" Latency="0.01" Unit="deg" />
      <Tolerance Axis="3" Distance="5.0" Latency="0.01" Unit="deg" />
      <Tolerance Axis="4" Distance="5.0" Latency="0.01" Unit="deg" />
      <Tolerance Axis="5" Distance="5.0" Latency="0.01" Unit="deg" />
      <Tolerance Axis="6" Distance="0.0" Latency="0.0" Unit="deg" />
      <JointToActuatorPosition>
        <Row Val="1.0000 0.0000 0.0000 0.0000 0.0000 0.0000 0.0000" />
        <Row Val="0.0000 1.0000 0.0000 0.0000 0.0000 0.0000 0.0000" />
        <Row Val="0.0000 1.0000 1.0000 0.0000 0.0000 0.0000 0.0000" />
        <Row Val="0.0000 0.0000 0.6697 1.0000 0.0000 0.0000 0.0000" />
        <Row Val="0.0000 0.0000 0.0000 0.0000 1.0000 0.0000 0.0000" />
        <Row Val="0.0000 0.0000 0.0000 0.0000 0.0000 1.0000 0.0000" />
        <Row Val="0.0000 0.0000 0.0000 0.0000 0.0000 0.0000 1.0000" />
      </JointToActuatorPosition>
    </Potentiometers>
  </Robot>
</Config>